Shape__Length,OBJECTID,Deaths,TotalPop,ZIPCode,Note,Shape__Area,Place,Cases
355282.663136038,"1","2","14872","27006",,1744189234.37061,Advance,"10"
195922.003442792,"2","0","2136","27007",,592499585.594238,Ararat,"1"
191244.647442635,"3","0","2937","27009",,618093097.011353,Belews Creek,"2"
316910.589814884,"4","0","5411","27011",,1489580093.86462,Boonville,"7"
255774.303165276,"5","0","28954","27012",,1176567385.86804,Clemmons,"19"
379169.285246239,"6","0","6495","27013",,2066336247.98627,Cleveland,"10"
22299.1178929161,"7","0","957","27014",,21479098.032959,Cooleemee,"0"
211061.413302456,"8","0","1682","27016",,1068209590.0686,Danbury,"0"
566348.974052304,"9","0","9499","27017",,2962951682.04883,Dobson,"5"
255811.974556888,"10","1","8221","27018",,2331567909.96985,East Bend,"8"
270248.259734795,"11","0","4234","27019",,977414017.819214,Germanton,"2"
316969.486887135,"12","0","6104","27020",,2114111622.36755,Hamptonville,"6"
210392.900707099,"13","0","17979","27021",,1469376476.14172,King,"3"
200803.000966771,"14","0","1512","27022",,918745327.278442,Lawsonville,"0"
183078.980128527,"15","1","12775","27023",,807172159.002075,Lewisville,"22"
278411.484773322,"16","0","2683","27024",,1265827411.39758,Lowgap,"2"
468723.596670606,"17","0","11117","27025",,2714649364.33142,Madison,"5"
172371.363079245,"18","0","4017","27027",,548179131.574585,Mayodan,"0"
567238.136149725,"19","0","28039","27028",,5475621774.30664,Mocksville,"22"
624989.724929863,"20","1","37641","27030",,4824085732.75671,Mount Airy,"18"
205025.773716105,"21","0","13150","27040",,763349953.536133,Pfafftown,"7"
324677.141569035,"22","0","8020","27041",,1629462738.40637,Pilot Mountain,"2"
113971.243586081,"23","0","720","27042",,290758639.069458,Pine Hall,"2"
395674.180712495,"24","0","6442","27043",,1935795027.06067,Pinnacle,"3"
154538.589918543,"25","0","9583","27045",,666085549.25769,Rural Hall,"5"
217125.573744555,"26","0","1953","27046",,1237681699.0647,Sandy Ridge,"0"
144984.839113672,"27","0","1279","27047",,576295820.815674,Siloam,"1"
325454.766660313,"28","0","8902","27048",,2355000804.03674,Stoneville,"5"
219088.1792708,"29","0","4084","27050",,703876500.567505,Tobaccoville,"1"
151066.808563308,"30","0","8287","27051",,524680317.775635,Walkertown,"7"
403203.611044297,"31","0","10061","27052",,2710320219.82117,Walnut Cove,"5"
413464.446930882,"32","0","3156","27053",,2152815477.55933,Westfield,"0"
201172.963339102,"33","0","2608","27054",,778193820.583862,Woodleaf,"1"
403366.492297811,"34","0","14521","27055",,3115987965.39453,Yadkinville,"24"
162957.922513792,"35","0","24321","27101",,356085731.400146,Winston Salem,"16"
146399.561156354,"36","1","36071","27103",,527249856.672729,Winston Salem,"46"
130394.134288752,"37","1","29383","27104",,337669863.683838,Winston Salem,"67"
208375.813794777,"38","0","40186","27105",,950547784.577881,Winston Salem,"33"
203893.681115083,"39","1","51378","27106",,787324720.967285,Winston Salem,"33"
319111.813640457,"40","1","52432","27107",,1859279716.41162,Winston Salem,"69"
213438.375685158,"41","0","38510","27127",,820319160.873047,Winston Salem,"36"
4216.57245655308,"42",,"5","27157",Population <500 and Cases <5,827769.094482422,Winston Salem,
188062.356665824,"43","1","21876","27203",,589408161.410522,Asheboro,"97"
588011.232518036,"44","2","34549","27205",,6255653514.79199,Asheboro,"64"
473699.237818467,"45","0","3806","27207",,2300194678.82397,Bear Creek,"11"
215638.108979383,"46","0","1691","27208",,1029479783.1405,Bennett,"7"
259108.004034657,"47","2","4151","27209",,1198089302.20734,Biscoe,"15"
277007.399750669,"48","0","1600","27212",,1328181375.12305,Blanch,"15"
324969.09283087,"49","1","11747","27214",,1414533235.94788,Browns Summit,"6"
298200.358945539,"50","3","44892","27215",,1827823774.30115,Burlington,"26"
513818.51476852,"51","1","39111","27217",,3473433663.33496,Burlington,"67"
367384.611313312,"52","0","4014","27229",,2747739848.89313,Candor,"6"
209108.769362036,"53","0","2048","27231",,987771348.581177,Cedar Grove,"0"
187154.002103638,"54","0","3647","27233",,703252829.253662,Climax,"1"
148521.339190303,"55","0","4575","27235",,380654027.583252,Colfax,"0"
429373.198159064,"56","0","9629","27239",,4319759872.9696,Denton,"11"
321391.030328654,"57","0","2668","27242",,1480408484.01825,Eagle Springs,"0"
311755.144165646,"58","0","4665","27243",,1142332751.10315,Efland,"7"
399696.340130384,"59","0","16259","27244",,1541989025.453,Elon,"2"
215710.992817749,"60","0","4835","27248",,942909114.352783,Franklinville,"10"
397477.611919868,"61","0","13355","27249",,1679803774.77087,Gibsonville,"5"
220926.147155476,"62","1","2264","27252",,1142470673.17163,Goldston,"4"
521476.969804176,"63","0","31464","27253",,2351372927.78931,Graham,"28"
312686.877842212,"64","0","7740","27258",,473631125.268677,Haw River,"5"
133229.878739789,"65","5","25696","27260",,348441568.963501,High Point,"91"
171087.864383377,"66","1","24764","27262",,368730084.700928,High Point,"35"
249658.228757679,"67","0","22320","27263",,1121512604.52234,High Point,"25"
307481.490778656,"68","4","50038","27265",,1172957282.41284,High Point,"69"
8251.66869064816,"69","0","1695","27268",,2495618.64758301,High Point,"1"
502574.675043234,"70","0","27181","27278",,2885765742.02771,Hillsborough,"32"
479969.724586593,"71","0","3710","27281",,2095606802.2608,Jackson Springs,"4"
168803.970950205,"72","0","16597","27282",,404066994.873657,Jamestown,"7"
161239.518798817,"73","0","2982","27283",,711286368.914917,Julian,"2"
420748.080109325,"74","1","56201","27284",,2233069317.10205,Kernersville,"31"
304615.616752016,"75","0","23585","27288",,1951079100.05676,Eden,"8"
314720.365319101,"76","0","1538","27291",,1492904663.44434,Leasburg,"1"
407599.9153408,"77","1","41465","27292",,4270233445.18579,Lexington,"28"
466742.919509857,"78","8","39191","27295",,3631502180.53174,Lexington,"72"
431527.987760385,"79","0","10440","27298",,2639148530.03284,Liberty,"21"
203597.604040365,"80","0","5254","27299",,822543412.257813,Linwood,"6"
287107.537324028,"81","2","10019","27301",,900133716.655151,Mc Leansville,"8"
644303.59427532,"82","0","32302","27302",,3198656461.27478,Mebane,"25"
263836.485514183,"83","1","1585","27305",,687167820.539429,Milton,"11"
426306.558627535,"84","0","5945","27306",,5305900334.83325,Mount Gilead,"7"
140986.043049622,"85","1","8562","27310",,526240082.103149,Oak Ridge,"6"
293760.993606137,"86","0","3220","27311",,1338371966.32642,Pelham,"0"
617961.777569281,"87","6","22205","27312",,5005768374.64233,Pittsboro,"88"
181619.740165306,"88","4","7288","27313",,760352714.59021,Pleasant Garden,"30"
162162.976448062,"89","0","1138","27314",,773578280.842896,Prospect Hill,"0"
179457.95829655,"90","0","2140","27315",,697810511.310425,Providence,"1"
278228.393914437,"91","1","7156","27316",,1975410509.03577,Ramseur,"36"
339539.515262609,"92","1","17851","27317",,1700826686.43616,Randleman,"32"
658218.836963247,"93","2","38894","27320",,6966725984.64832,Reidsville,"13"
409075.895347679,"94","0","7676","27325",,2401051783.47894,Robbins,"4"
359587.547530237,"95","0","3692","27326",,1884156536.74561,Ruffin,"5"
528161.840140257,"96","1","39529","27330",,6011213414.18433,Sanford,"181"
417113.164836099,"97","0","33549","27332",,2996782209.29614,Sanford,"80"
3852.87240074502,"98",,"34","27340",Population <500 and Cases <5,694758.987792969,Saxapahaw,
311632.157547413,"99","0","5820","27341",,2678433259.4787,Seagrove,"6"
348769.311430722,"100","0","1840","27343",,1390260353.39624,Semora,"1"
607903.308882544,"101","1","19290","27344",,4591228058.44531,Siler City,"290"
381750.490582419,"102","0","5850","27349",,1831279532.651,Snow Camp,"4"
204602.636460839,"103","0","7508","27350",,1066449848.573,Sophia,"2"
245160.332752788,"104","0","3196","27355",,1016358702.6969,Staley,"17"
348288.37985576,"105","0","3513","27356",,1815293543.21783,Star,"4"
223115.118835702,"106","1","8325","27357",,1273124268.28796,Stokesdale,"14"
323017.17605333,"107","1","15960","27358",,1557557662.14905,Summerfield,"8"
372395.85217249,"108","0","48331","27360",,2458732404.91687,Thomasville,"49"
344702.900725307,"109","0","14622","27370",,1663817222.16028,Trinity,"13"
473833.643450898,"110","0","7778","27371",,4076136455.00793,Troy,"6"
320932.333330313,"111","0","9884","27376",,1781050002.06519,West End,"7"
183024.518653502,"112","0","9597","27377",,736936774.92627,Whitsett,"11"
422550.665080929,"113","0","6057","27379",,2663338769.75159,Yanceyville,"6"
100334.769337553,"114","1","20221","27401",,171748092.127686,Greensboro,"17"
87465.254538865,"115","1","21278","27403",,159396286.028687,Greensboro,"14"
284328.526421691,"116","4","52510","27405",,886695637.391357,Greensboro,"55"
327705.317343953,"117","5","60755","27406",,1894160074.00403,Greensboro,"45"
227731.576408348,"118","5","49837","27407",,840498790.451172,Greensboro,"72"
80148.1616765212,"119","0","17406","27408",,221403500.549561,Greensboro,"9"
239783.02449594,"120","1","17953","27409",,603872824.646484,Greensboro,"11"
272309.563854046,"121","0","56968","27410",,859363574.914917,Greensboro,"22"
5860.23208289576,"122","0","847","27411",,713742.998291016,Greensboro,"0"
13054.7888333439,"123","0","1886","27412",,4771290.83532715,Greensboro,"0"
198282.860420201,"124","1","29197","27455",,816075696.678345,Greensboro,"15"
7774.18760349114,"125",,"13","27498",Population <500 and Cases <5,3369264.12316895,Greensboro,
329143.189780916,"126","1","21338","27501",,1683348454.90833,Angier,"19"
242725.298081049,"127","0","43747","27502",,840126405.51062,Apex,"31"
246183.053747647,"128","0","7222","27503",,1054708975.44934,Bahama,"6"
486262.181304732,"129","1","16320","27504",,2584462015.08862,Benson,"21"
320128.840505679,"130","0","7308","27505",,1509842573.20557,Broadway,"26"
266873.357504053,"131","0","2053","27507",,1354883649.98218,Bullock,"3"
114289.902416244,"132","0","2340","27508",,312599782.273071,Bunn,"3"
156294.942704551,"133","8","6935","27509",,507253453.414795,Butner,"115"
57867.6032694508,"134","0","14543","27510",,88705554.5671387,Carrboro,"17"
98702.6527265331,"135","0","34041","27511",,333520579.048462,Cary,"21"
162336.294574525,"136","0","49003","27513",,474399121.186279,Cary,"32"
190879.985276747,"137","11","32847","27514",,579057212.663452,Chapel Hill,"61"
438904.079251583,"138","3","44117","27516",,2564236091.9281,Chapel Hill,"40"
299162.993678501,"139","0","28831","27517",,1520140847.99951,Chapel Hill,"41"
130741.025823352,"140","0","22765","27518",,262665807.612671,Cary,"13"
166930.324843009,"141","1","59960","27519",,609072010.422363,Cary,"32"
374945.851452289,"142","14","43958","27520",,1962402119.35425,Clayton,"80"
174373.299688566,"143","0","7149","27521",,721041350.168091,Coats,"6"
361578.814896965,"144","0","13652","27522",,2172960809.67273,Creedmoor,"20"
294058.887697931,"145","0","12782","27523",,1210964088.06177,Apex,"6"
530912.577014993,"146","0","13532","27524",,3831785222.9375,Four Oaks,"7"
421324.476104612,"147","0","15534","27525",,2660281050.9928,Franklinton,"10"
460586.982042285,"148","0","54027","27526",,2787678657.25134,Fuquay Varina,"24"
213730.175971786,"149","0","30234","27527",,1261348608.45837,Clayton,"17"
336033.618547781,"150","0","53854","27529",,1666161335.17407,Garner,"29"
449856.425263796,"151","4","40212","27530",,2938137113.36951,Goldsboro,"517"
71472.4653387501,"152","0","666","27531",,123956304.007813,Goldsboro,"0"
394454.137280507,"153","0","31819","27534",,1995982542.31616,Goldsboro,"62"
148817.062353839,"154","9","16459","27536",,359552678.037964,Henderson,"103"
795404.906342347,"155","3","25321","27537",,5545289733.50195,Henderson,"55"
335082.894750929,"156","1","26567","27539",,805959451.628174,Apex,"16"
339054.617126206,"157","0","39075","27540",,1299006108.57275,Holly Springs,"19"
328579.598479954,"158","0","4044","27541",,1979862536.66309,Hurdle Mills,"2"
366253.348192187,"159","0","10043","27542",,2499059670.1123,Kenly,"6"
322022.503716068,"160","0","4291","27544",,1645813165.28467,Kittrell,"3"
219250.012614228,"161","11","30327","27545",,885541868.759766,Knightdale,"75"
510775.88711738,"162","10","22436","27546",,3433026188.83105,Lillington,"83"
817297.028533168,"163","20","25224","27549",,6636124442.18066,Louisburg,"74"
402849.299843211,"164","0","2205","27551",,2443966870.98499,Macon,"1"
217969.561788749,"165","0","2030","27553",,1245206626.07959,Manson,"5"
63490.7222823736,"166",,"298","27556",Population <500 and Cases <5,67850312.0914307,Middleburg,
338861.342265204,"167","0","9214","27557",,2046463550.40088,Middlesex,"2"
366837.077035256,"168","0","2874","27559",,1458825370.29968,Moncure,"0"
268297.11970144,"169","0","33691","27560",,794384947.373291,Morrisville,"19"
349507.762295745,"170","0","2791","27562",,1862081556.93738,New Hill,"1"
412640.540954252,"171","0","5312","27563",,1943381370.69177,Norlina,"10"
826827.222809142,"172","0","26057","27565",,9219811779.9552,Oxford,"38"
313917.550563748,"173","0","8984","27569",,2107084820.73511,Princeton,"9"
94251.9264704589,"174","0","7385","27571",,149121249.193359,Rolesville,"4"
397658.617230022,"175","0","7316","27572",,3003228111.9873,Rougemont,"3"
219611.309648669,"176","1","11561","27573",,501787874.430542,Roxboro,"13"
691755.452465683,"177","0","15232","27574",,5527133817.3114,Roxboro,"9"
339571.106645256,"178","1","20197","27576",,2407427117.65723,Selma,"21"
416726.966278934,"179","0","25214","27577",,2877290650.99841,Smithfield,"21"
246789.101888964,"180","0","3956","27581",,1038615853.81189,Stem,"6"
326956.719649922,"181","0","7012","27583",,1327957318.65857,Timberlake,"9"
700749.84181148,"182","3","74087","27587",,3132804734.81897,Wake Forest,"52"
626837.217934379,"183","0","8312","27589",,4790731000.68542,Warrenton,"2"
380727.392057269,"184","0","23448","27591",,1913446220.02844,Wendell,"22"
312475.180771683,"185","0","17368","27592",,1090932847.86865,Willow Spring,"24"
344366.073155402,"186","0","18655","27596",,1519151285.28821,Youngsville,"16"
568385.67904248,"187","1","25494","27597",,3191967656.80884,Zebulon,"22"
15555.1510255833,"188",,"0","27599",Population <500 and Cases <5,4275416.30163574,Chapel Hill,
41226.7428180515,"189","0","12139","27601",,49970514.2080078,Raleigh,"18"
346107.072534996,"190","0","55479","27603",,1420350588.63403,Raleigh,"47"
194088.121184431,"191","1","47645","27604",,550434833.049927,Raleigh,"62"
26465.2700663817,"192","0","5253","27605",,26954475.7900391,Raleigh,"4"
267151.497057326,"193","0","47938","27606",,750229681.939209,Raleigh,"32"
200611.380547666,"194","0","30296","27607",,519162282.902344,Raleigh,"15"
55583.7467967219,"195","0","11603","27608",,91889809.9622803,Raleigh,"6"
95880.163026763,"196","1","38631","27609",,310136046.756592,Raleigh,"42"
327751.489063642,"197","5","74203","27610",,1211166911.84558,Raleigh,"226"
164483.082879678,"198","2","39208","27612",,428868509.332275,Raleigh,"24"
184431.643996557,"199","0","46521","27613",,675406849.409912,Raleigh,"23"
218912.319813944,"200","0","37689","27614",,829063194.918701,Raleigh,"22"
134192.839940925,"201","0","46038","27615",,525952454.993774,Raleigh,"33"
201092.505637391,"202","1","55260","27616",,646426991.218628,Raleigh,"61"
125016.743498849,"203","0","19511","27617",,230483847.672241,Raleigh,"18"
89264.6755119977,"204","1","26489","27701",,147212202.097778,Durham,"29"
349864.156739061,"205","2","61351","27703",,1376809528.09961,Durham,"83"
279407.953507315,"206","1","39369","27704",,1307759376.10449,Durham,"107"
288440.086812307,"207","27","48078","27705",,1155101566.94189,Durham,"262"
6816.757693542,"208",,"10","27706",Population <500 and Cases <5,1281872.18347168,Durham,
228660.826032165,"209","1","47036","27707",,551326002.510864,Durham,"89"
39624.2440738689,"210","0","4635","27708",,24140532.868042,Durham,"0"
93465.8554704913,"211",,"4","27709",Population <500 and Cases <5,166810196.870483,Durham,
9509.21127183631,"212",,"0","27710",Population <500 and Cases <5,3645590.83996582,Durham,
25227.7794868175,"213",,"62","27711",Population <500 and Cases <5,11690491.0200195,Durham,
239427.124284805,"214","13","22055","27712",,952678558.948486,Durham,"63"
186930.768828538,"215","2","53996","27713",,1004016276.63342,Durham,"72"
298032.749540483,"216","1","21556","27801",,1947625744.14368,Rocky Mount,"27"
314786.382274833,"217","2","22337","27803",,1209689022.16736,Rocky Mount,"28"
237805.719395058,"218","0","29160","27804",,1207912397.80139,Rocky Mount,"53"
427031.57804176,"219","0","3769","27805",,3260348789.01416,Aulander,"5"
575449.481817415,"220","0","2441","27806",,3806890944.80762,Aurora,"1"
266050.599193056,"221","0","6940","27807",,1393278091.89233,Bailey,"6"
320371.987641635,"222","0","2481","27808",,1375581489.5946,Bath,"2"
418206.140952668,"223","1","5254","27809",,2127311815.53979,Battleboro,"22"
863428.562860574,"224","0","4224","27810",,5320714553.85889,Belhaven,"0"
307599.92172387,"225","0","2951","27812",,1796512894.90283,Bethel,"2"
21851.3845296183,"226","0","687","27813",,17954681.8726807,Black Creek,"2"
349050.345630614,"227","0","1801","27814",,2084052221.88855,Blounts Creek,"1"
269780.663460198,"228","0","2634","27816",,1727056405.90051,Castalia,"2"
441922.251479678,"229","0","7777","27817",,3011254799.10022,Chocowinity,"4"
291672.91933713,"230","0","1269","27818",,1775223218.97412,Como,"2"
300570.413456991,"231","1","3292","27820",,1787180209.86865,Conway,"12"
102716.617789089,"232",,"343","27821",Population <500 and Cases <5,180879118.265869,Edward,
500329.938801193,"233","1","9119","27822",,2421416079.34338,Elm City,"15"
591795.38238411,"234","0","7812","27823",,5279947738.18738,Enfield,"15"
766498.765242208,"235","0","1540","27824",,5755622445.56714,Engelhard,"0"
681909.128335756,"236","0","1245","27826",,5502010014.61365,Fairfield,"0"
12365.1347191574,"237",,"99","27827",Population <500 and Cases <5,6818760.54968262,Falkland,
304535.643741104,"238","0","9031","27828",,1954373169.79175,Farmville,"8"
276952.810668188,"239","0","1872","27829",,1242859232.87109,Fountain,"3"
301522.072838785,"240","0","4858","27830",,1661392631.86707,Fremont,"6"
369102.732751728,"241","0","3588","27831",,1733783751.73071,Garysburg,"6"
217897.088475999,"242","0","2912","27832",,1029571544.94922,Gaston,"18"
890421.476518531,"243","0","57505","27834",,5082356628.8689,Greenville,"70"
462288.004070908,"244","0","6506","27837",,1710764546.60681,Grimesland,"3"
454921.143892168,"245","0","3702","27839",,3728459644.54443,Halifax,"3"
59155.8177418193,"246","0","535","27840",,127567387.286499,Hamilton,"2"
12505.2057352129,"247",,"84","27841",Population <500 and Cases <5,5972995.94189453,Hassell,
116849.514846702,"248","0","1436","27842",,414285932.678223,Henrico,"2"
232329.162988765,"249","0","946","27843",,1458584246.23853,Hobgood,"0"
274076.283965929,"250","0","3039","27844",,1251113401.94934,Hollister,"9"
416912.567186113,"251","0","2841","27845",,2842001076.66528,Jackson,"3"
442133.927899832,"252","0","3069","27846",,3050744149.28796,Jamesville,"0"
265580.578438826,"253","0","1071","27847",,1048559305.60547,Kelford,"1"
367759.436044124,"254","0","1483","27849",,2062202839.65674,Lewiston Woodville,"1"
570792.398502674,"255","0","7413","27850",,5554617534.52942,Littleton,"3"
200836.347936783,"256","0","5595","27851",,1253082833.57764,Lucama,"13"
268041.951522527,"257","0","3454","27852",,1418996205.83582,Macclesfield,"9"
233986.055045062,"258",,"436","27853",Population <500 and Cases <5,1061331085.73535,Margarettsville,
246550.621363096,"259","1","6105","27855",,1379257056.24951,Murfreesboro,"8"
508647.139191863,"260","1","17301","27856",,3696764195.94336,Nashville,"19"
354763.313675516,"261","0","1601","27857",,2180191629.70935,Oak City,"0"
395293.630437,"262","1","58170","27858",,1683129152.90881,Greenville,"32"
475177.331131482,"263","0","2062","27860",,4384086912.80859,Pantego,"2"
305131.144563485,"264","0","945","27862",,1337735767.81812,Pendleton,"0"
414140.550515841,"265","0","12670","27863",,1822358483.62146,Pikeville,"6"
223861.53375515,"266","1","4823","27864",,1058515929.69434,Pinetops,"28"
407140.115990912,"267","0","2003","27865",,3183419700.15735,Pinetown,"2"
183824.668332886,"268","0","672","27866",,548856343.547363,Pleasant Hill,"1"
283794.508144883,"269","5","2167","27869",,2314340977.34839,Rich Square,"23"
237465.130853914,"270","1","26633","27870",,1958976214.39966,Roanoke Rapids,"33"
370404.169208956,"271","1","4466","27871",,2640265625.23401,Robersonville,"12"
60062.9164687203,"272",,"429","27872",Population <500 and Cases <5,78668396.3901367,Roxobel,
425091.541566968,"273","0","4766","27874",,3988089594.78687,Scotland Neck,"2"
668994.049821799,"274","0","511","27875",,1462926064.75208,Scranton,"0"
286123.221519332,"275","0","1290","27876",,1161065802.28784,Seaboard,"5"
178936.521495753,"276","0","3280","27880",,661768421.449585,Sims,"2"
35379.3892263349,"277",,"323","27881",Population <500 and Cases <5,45624486.2655029,Speed,
404465.358087667,"278","0","7927","27882",,2721376125.90833,Spring Hope,"7"
378850.12800901,"279","1","4361","27883",,2149873597.18677,Stantonsburg,"10"
178810.199825372,"280","0","1545","27884",,1118165618.53992,Stokes,"0"
778832.459471456,"281","0","859","27885",,3236637890.30994,Swanquarter,"1"
530150.851444626,"282","4","21595","27886",,5534275751.92761,Tarboro,"66"
260588.447365408,"283","0","2803","27888",,1661899290.0293,Walstonburg,"3"
624948.845007957,"284","0","27543","27889",,4746901259.41052,Washington,"13"
88214.5142201125,"285","0","2398","27890",,250295126.203369,Weldon,"2"
551887.618669608,"286","1","5011","27891",,3802342458.24487,Whitakers,"4"
528153.604658044,"287","0","14363","27892",,4740161664.64209,Williamston,"15"
441390.734015218,"288","5","40647","27893",,3134674028.43115,Wilson,"112"
260787.736893695,"289","0","21212","27896",,1013992738.34033,Wilson,"36"
250563.523857377,"290","1","2467","27897",,1262848506.99878,Woodland,"27"
720925.199090357,"291","3","40958","27909",,6356628470.42627,Elizabeth City,"63"
558805.248838312,"292","1","11609","27910",,3854004911.8667,Ahoskie,"21"
159985.858445685,"293","0","758","27915",,132797325.68457,Avon,"1"
88834.9392660151,"294","0","554","27916",,175446906.710938,Aydlett,"0"
150643.300800981,"295","0","1084","27917",,583346697.773926,Barco,"0"
260299.205087965,"296","0","1211","27919",,1805677755.21484,Belvidere,"0"
169552.58818934,"297","0","1415","27920",,251417477.481567,Buxton,"0"
371309.805402765,"298","0","5366","27921",,2216306760.15601,Camden,"0"
230585.938382193,"299","0","1107","27922",,1372106941.59424,Cofield,"1"
222994.427279021,"300","0","990","27923",,442853112.258789,Coinjock,"0"
325068.518729581,"301","0","3509","27924",,2545571117.46045,Colerain,"13"
822613.133571787,"302","0","4164","27925",,9421043776.67224,Columbia,"5"
176947.978129327,"303","0","1965","27926",,1084179276.0813,Corapeake,"2"
1266393.74615984,"304","0","613","27927",,685869287.21875,Corolla,"0"
344143.792077435,"305","0","1888","27928",,3736346955.86023,Creswell,"2"
146317.944454099,"306","0","1949","27929",,352573124.774658,Currituck,"1"
391797.495792958,"307","1","12644","27932",,3509551689.6084,Edenton,"14"
213483.780281898,"308","0","1674","27935",,1443577833.21069,Eure,"0"
108288.074251882,"309","0","961","27936",,134638106.065186,Frisco,"0"
290137.740864669,"310","0","4253","27937",,2407949124.70361,Gates,"4"
229961.178585235,"311","0","1430","27938",,1202645918.03784,Gatesville,"2"
237784.484514939,"312","0","3370","27939",,296874050.40332,Grandy,"0"
42125.3614314887,"313","0","670","27941",,66348159.842041,Harbinger,"0"
150762.800286803,"314","0","936","27942",,927451831.666504,Harrellsville,"0"
162150.406610954,"315",,"491","27943",Population <500 and Cases <5,82146889.1915283,Hatteras,
828274.577378666,"316","1","12230","27944",,5013940953.42065,Hertford,"14"
250163.996071758,"317","0","1089","27946",,1234977495.96777,Hobbsville,"2"
117825.87149715,"318","0","845","27947",,181991023.044922,Jarvisburg,"0"
266090.270790261,"319","0","12518","27948",,288939959.776123,Kill Devil Hills,"1"
296487.581606319,"320","0","7235","27949",,426732703.740967,Kitty Hawk,"5"
393684.159837613,"321","0","2183","27950",,1009906812.90234,Knotts Island,"1"
775886.839802652,"322","0","992","27953",,4841742826.08521,Manns Harbor,"0"
171104.045001834,"323","0","6405","27954",,346159524.466309,Manteo,"0"
62675.9008746753,"324",,"328","27956",Population <500 and Cases <5,91616147.3259277,Maple,
219570.3989813,"325","0","1419","27957",,1345289022.66797,Merry Hill,"2"
258895.732965411,"326","0","12061","27958",,2191273226.67993,Moyock,"6"
468359.824712585,"327","1","2451","27959",,464337538.219238,Nags Head,"5"
221416.979930584,"328","0","899","27960",,272996211.932129,Ocracoke,"0"
323982.422404071,"329","0","7439","27962",,2248894843.11377,Plymouth,"13"
29044.1496807834,"330","0","653","27964",,40700993.1791992,Point Harbor,"0"
286670.577035681,"331","0","611","27965",,362463348.010742,Poplar Branch,"0"
140593.315765635,"332","0","1473","27966",,310362212.773438,Powells Point,"1"
376970.397727617,"333",,"413","27968",Population <500 and Cases <5,255307311.38855,Rodanthe,
386215.845703473,"334","3","3214","27970",,3979984913.95898,Roper,"9"
77591.875369789,"335",,"196","27972",Population <500 and Cases <5,25839959.5158691,Salvo,
279776.313560853,"336","0","1493","27973",,1350823542.63281,Shawboro,"0"
448552.234751615,"337","0","1375","27974",,1282875105.52026,Shiloh,"0"
348819.066033239,"338","0","3561","27976",,2739484648.62012,South Mills,"1"
488663.160212976,"339",,"221","27978",Population <500 and Cases <5,3250437066.68713,Stumpy Point,
272849.595585558,"340","0","1813","27979",,2196378526.26221,Sunbury,"1"
208839.628959427,"341","0","2075","27980",,1319096560.03711,Tyner,"0"
177755.254740471,"342","0","1863","27981",,183167116.380371,Wanchese,"0"
11228.317119066,"343",,"0","27982",Population <500 and Cases <5,5381164.09509277,Waves,
861662.756904591,"344","1","10633","27983",,9431469996.22351,Windsor,"35"
153016.850399202,"345","0","2650","27986",,374234308.870117,Winton,"21"
479491.354130006,"346","4","28360","28001",,3791255242.38873,Albemarle,"14"
88485.0702727943,"347","0","1136","28006",,126883649.701416,Alexis,"0"
170607.841876971,"348","0","24276","28012",,865729022.118042,Belmont,"18"
236943.686135101,"349","0","14526","28016",,1271825919.55414,Bessemer City,"10"
433562.153950884,"350","0","5943","28018",,2694770404.83051,Bostic,"5"
260515.821792163,"351","0","2464","28020",,1475633951.64899,Casar,"0"
391038.422631114,"352","0","13436","28021",,1626380587.60425,Cherryville,"13"
277795.952246167,"353","0","14843","28023",,1273875684.14087,China Grove,"16"
466210.81613651,"354","2","55325","28025",,2992149162.05573,Concord,"76"
332965.289746403,"355","9","74072","28027",,1903468707.60345,Concord,"151"
151594.592125485,"356","14","31049","28031",,672168572.25116,Cornelius,"72"
51515.5503878613,"357","0","3249","28032",,59161626.1264038,Cramerton,"1"
189532.085619349,"358","0","3362","28033",,509703222.739563,Crouse,"0"
215322.291269956,"359","2","17859","28034",,1273410668.68243,Dallas,"18"
197029.793668161,"360","1","18554","28036",,669928559.48645,Davidson,"16"
312689.389421742,"361","0","23834","28037",,1521729514.62848,Denver,"12"
34526.6128305972,"362",,"428","28039",Population <500 and Cases <5,13759835.5942383,East Spencer,
348064.117544275,"363","0","8270","28040",,1773879551.02985,Ellenboro,"6"
348394.442075551,"364","2","21472","28043",,1816346053.52002,Forest City,"38"
189783.469072904,"365","0","36823","28052",,1165429048.27631,Gastonia,"29"
139549.083675328,"366","1","40184","28054",,562652947.772949,Gastonia,"30"
344787.60681341,"367","1","35595","28056",,1342394953.02258,Gastonia,"22"
236923.074375116,"368","0","3198","28071",,1345839018.92865,Gold Hill,"1"
143952.911566798,"369","1","5606","28073",,702973243.533203,Grover,"2"
238150.023406484,"370","3","19174","28075",,656107496.741638,Harrisburg,"30"
27989.3633622467,"371","0","557","28077",,25098303.871521,High Shoals,"1"
316647.648839996,"372","2","66079","28078",,1870251820.14679,Huntersville,"56"
283660.370334182,"373","2","39813","28079",,1221176124.08392,Indian Trail,"36"
240845.709042299,"374","0","8157","28080",,1095921164.38501,Iron Station,"2"
200259.108957382,"375","0","28249","28081",,862858421.935425,Kannapolis,"32"
145983.725103448,"376","0","25877","28083",,582493569.448059,Kannapolis,"41"
329807.139806484,"377","1","26988","28086",,2467878462.36133,Kings Mountain,"10"
52885.3256566675,"378","0","3059","28088",,72787169.9580688,Landis,"4"
458218.963524001,"379","1","8506","28090",,2661358061.4715,Lawndale,"5"
313074.926269122,"380","0","2353","28091",,2694411423.45477,Lilesville,"2"
535483.341451103,"381","0","40052","28092",,3216596915.74634,Lincolnton,"18"
181830.474266294,"382","0","6124","28097",,836579136.406799,Locust,"3"
49283.1941486609,"383","0","4010","28098",,99103128.4535522,Lowell,"2"
19058.3264759027,"384",,"465","28101",Population <500 and Cases <5,12210373.4969482,Mc Adenville,
449440.107851781,"385","0","11346","28103",,4253866560.83563,Marshville,"8"
325979.692599077,"386","3","32469","28104",,824578845.587585,Matthews,"26"
278013.840820393,"387","6","45346","28105",,668165195.784729,Matthews,"84"
250943.513182056,"388","0","8210","28107",,1388640520.38739,Midland,"6"
422255.233862207,"389","6","55536","28110",,3676478383.48267,Monroe,"73"
318461.97727687,"390","4","28060","28112",,3713382117.46545,Monroe,"91"
346437.871140422,"391","0","9034","28114",,1900066101.23077,Mooresboro,"4"
327151.756863337,"392","2","41536","28115",,2057262512.61176,Mooresville,"33"
234425.757349855,"393","1","47608","28117",,1555969690.69189,Mooresville,"41"
298425.648226889,"394","0","3034","28119",,1970357677.74512,Morven,"6"
272689.093586748,"395","0","24318","28120",,1001654680.08618,Mount Holly,"17"
301866.136666845,"396","1","7015","28124",,1620148303.23315,Mount Pleasant,"10"
198953.955252748,"397","0","2657","28125",,1169162879.13867,Mount Ulla,"3"
468250.659328753,"398","0","7631","28127",,2159940152.89789,New London,"2"
282114.674844027,"399","0","8098","28128",,2054286113.35083,Norwood,"4"
219035.034364981,"400","0","6031","28129",,1226619926.53345,Oakboro,"3"
421295.337069002,"401","0","2713","28133",,2384968915.9574,Peachland,"2"
88085.4538299006,"402","1","11817","28134",,248618254.324951,Pineville,"26"
475980.429437205,"403","0","5968","28135",,2916374106.84241,Polkton,"5"
291589.496037827,"404","0","3843","28137",,1223676252.05975,Richfield,"2"
357387.534646104,"405","0","11659","28138",,1278406256.12445,Rockwell,"17"
674832.691106946,"406","2","20134","28139",,5078697342.95056,Rutherfordton,"63"
279505.654446658,"407","7","25846","28144",,867982991.287292,Salisbury,"118"
452196.720325258,"408","0","30382","28146",,3012969418.7887,Salisbury,"52"
312495.471896358,"409","17","26204","28147",,2146390330.37,Salisbury,"215"
579453.815714684,"410","1","29296","28150",,3159764942.52783,Shelby,"16"
304211.560780764,"411","0","26078","28152",,2247420971.2251,Shelby,"17"
42602.5220628392,"412","0","3126","28159",,51886096.1330566,Spencer,"17"
70799.3749654705,"413","1","4015","28160",,170326604.450989,Spindale,"25"
191731.821086023,"414","0","5814","28163",,970276414.142883,Stanfield,"1"
324856.854746788,"415","0","15447","28164",,1144736813.58362,Stanley,"11"
217041.310552797,"416","0","9868","28166",,911716953.816406,Troutman,"4"
347927.953502144,"417","0","2418","28167",,1934997992.23633,Union Mills,"9"
340004.345415379,"418","0","10437","28168",,2469130589.68384,Vale,"1"
655726.472285971,"419","0","12494","28170",,5053183842.2157,Wadesboro,"22"
318858.064536165,"420","0","63837","28173",,3045162637.21796,Waxhaw,"34"
246986.820118662,"421","1","9287","28174",,985461754.807983,Wingate,"18"
34485.9053855683,"422","0","16755","28202",,50452583.9099121,Charlotte,"31"
54761.2733662689,"423","0","19070","28203",,91001089.479126,Charlotte,"30"
40761.7265321132,"424","1","8738","28204",,48899100.5548096,Charlotte,"17"
104910.810677792,"425","1","51821","28205",,335820474.82135,Charlotte,"88"
71458.050216539,"426","0","15244","28206",,182577260.697876,Charlotte,"38"
36157.3958026361,"427","0","9761","28207",,68333859.7921753,Charlotte,"15"
157267.598078636,"428","5","39944","28208",,595973347.5495,Charlotte,"109"
72359.4847682198,"429","0","26012","28209",,157335764.525879,Charlotte,"29"
112745.958411281,"430","1","44704","28210",,342547124.476257,Charlotte,"115"
102838.759144167,"431","7","31253","28211",,292827786.05603,Charlotte,"56"
96077.3791004252,"432","1","42744","28212",,237710291.866211,Charlotte,"106"
162252.089416931,"433","1","45338","28213",,412614569.613403,Charlotte,"86"
224926.880987091,"434","1","41208","28214",,965554836.030151,Charlotte,"80"
222976.412140327,"435","3","60256","28215",,782010510.903748,Charlotte,"153"
184761.316525275,"436","1","58744","28216",,857978895.941772,Charlotte,"110"
132462.900799897,"437","0","30875","28217",,428067925.271423,Charlotte,"127"
34959.7943637767,"438","0","2941","28223",,16745950.1914673,Charlotte,"0"
131097.087702525,"439","2","40227","28226",,430471271.22644,Charlotte,"49"
297066.255269002,"440","3","57319","28227",,1173416755.00244,Charlotte,"103"
159979.41236041,"441","0","43683","28262",,593648477.600464,Charlotte,"79"
192155.045229049,"442","2","81464","28269",,840640266.840637,Charlotte,"129"
161555.486865571,"443","1","34753","28270",,345778417.622314,Charlotte,"23"
192801.276498242,"444","1","40544","28273",,614626385.142517,Charlotte,"94"
144850.675101077,"445","5","72020","28277",,675381884.726379,Charlotte,"84"
246465.469761239,"446","1","32539","28278",,902762098.137573,Charlotte,"42"
130217.445212828,"447","0","17717","28301",,348717238.9104,Fayetteville,"22"
179304.154504403,"448","0","34600","28303",,540160738.043701,Fayetteville,"20"
186465.416198877,"449","1","39651","28304",,491742944.185852,Fayetteville,"65"
49443.8950343603,"450","0","5010","28305",,69895111.336731,Fayetteville,"4"
562860.488861907,"451","1","42565","28306",,2090603260.31519,Fayetteville,"43"
92732.9092032322,"452","0","15486","28307",,174879596.356018,Fort Bragg,"3"
45243.1542141805,"453","0","737","28308",,90374263.7665405,Pope Army Airfield,"0"
200733.090413706,"454","0","8861","28310",,506286340.902344,Fort Bragg,"0"
240844.864072535,"455","1","36046","28311",,1336136656.04889,Fayetteville,"33"
556260.336471476,"456","0","18419","28312",,4341373681.0871,Fayetteville,"17"
185615.29020179,"457","2","53642","28314",,816473670.87677,Fayetteville,"66"
494397.056686911,"458","1","13329","28315",,2049308469.85626,Aberdeen,"14"
372935.466158955,"459","0","4579","28318",,2217851356.83313,Autryville,"3"
381864.201698899,"460","0","9381","28320",,3248490168.58801,Bladenboro,"4"
301931.807656215,"461","0","4578","28323",,1112191308.33496,Bunnlevel,"4"
488036.173063298,"462","0","22382","28326",,3242119864.63824,Cameron,"15"
586939.342565835,"463","0","18273","28327",,5396542091.08795,Carthage,"8"
657248.933701037,"464","0","26951","28328",,6810728499.67102,Clinton,"79"
213915.020571421,"465","0","10709","28333",,1249687746.85376,Dudley,"20"
544402.158241248,"466","1","26215","28334",,4497238669.98419,Dunn,"39"
577770.225904475,"467","0","11927","28337",,5069041872.41577,Elizabethtown,"12"
492508.044174152,"468","0","4804","28338",,3935542448.08881,Ellerbe,"5"
310656.999787593,"469","0","7226","28339",,1064553458.41333,Erwin,"6"
450516.228420328,"470","1","10738","28340",,3757196814.59872,Fairmont,"19"
421094.619116886,"471","0","5080","28341",,2787115249.34564,Faison,"11"
106909.663733147,"472","0","1567","28343",,458723474.164063,Gibson,"2"
269142.265002464,"473","1","3814","28344",,1128755315.22852,Godwin,"11"
332606.523883072,"474","1","12656","28345",,2126402412.95966,Hamlet,"32"
194334.44204749,"475","0","1826","28347",,747268691.675964,Hoffman,"2"
329846.853315969,"476","1","36052","28348",,1166315651.14276,Hope Mills,"45"
326624.538740731,"477","0","3955","28349",,1959246504.68726,Kenansville,"34"
11657.1581787366,"478",,"70","28350",Population <500 and Cases <5,7876659.25891113,Lakeview,
386362.394376361,"479","0","5269","28351",,1788599136.13666,Laurel Hill,"6"
438869.872406896,"480","0","25298","28352",,3264782876.16284,Laurinburg,"24"
286294.988335977,"481","1","4914","28356",,1497885580.84283,Linden,"4"
200973.924425577,"482","0","3224","28357",,998095899.747498,Lumber Bridge,"9"
504386.80427759,"483","1","38517","28358",,5499536726.32037,Lumberton,"113"
363920.117329658,"484","1","14944","28360",,1985862696.58282,Lumberton,"27"
383927.716730151,"485","0","1079","28363",,1736455559.11224,Marston,"1"
464303.223304611,"486","0","15170","28364",,3845135736.01221,Maxton,"12"
617077.136427741,"487","8","17063","28365",,5449867058.99634,Mount Olive,"99"
414618.719505341,"488","0","5153","28366",,2293381130.24042,Newton Grove,"11"
401393.305842191,"489","1","2241","28369",,1800121585.61136,Orrum,"2"
229991.086519014,"490","2","7085","28371",,1005950088.08063,Parkton,"18"
255857.280522167,"491","0","15254","28372",,1147770145.91595,Pembroke,"3"
140223.621385681,"492","0","2552","28373",,460329066.992676,Pinebluff,"2"
186776.563275302,"493","5","18171","28374",,609888351.153748,Pinehurst,"59"
21293.1141646594,"494",,"155","28375",Population <500 and Cases <5,16154829.5779114,Proctorville,
618028.253174216,"495","0","43831","28376",,8255601209.37079,Raeford,"97"
446034.002241504,"496","0","13036","28377",,2872865768.25568,Red Springs,"48"
486165.084209017,"497","1","25804","28379",,4156662320.34821,Rockingham,"46"
652666.741452106,"498","0","8006","28382",,3525739741.42773,Roseboro,"6"
460017.981876533,"499","0","7713","28383",,2904453853.97415,Rowland,"19"
480450.415018018,"500","0","12414","28384",,2850567240.80182,Saint Pauls,"63"
321938.125650219,"501","0","3005","28385",,1040463355.97156,Salemburg,"8"
354913.796549299,"502","0","6068","28386",,1134602512.8537,Shannon,"27"
181010.127281146,"503","2","17139","28387",,810260751.658813,Southern Pines,"6"
287302.836124697,"504","1","23494","28390",,1630867413.08136,Spring Lake,"18"
202263.555324582,"505","0","5326","28391",,1084470955.12604,Stedman,"2"
187529.786563954,"506","0","1554","28392",,925384379.987671,Tar Heel,"8"
233550.655699493,"507","0","2160","28393",,1437383838.7915,Turkey,"7"
300186.221923817,"508","0","6094","28394",,1215312777.16113,Vass,"5"
246616.208913961,"509","0","2657","28395",,1382105528.22943,Wade,"2"
330475.243709585,"510","0","2679","28396",,1631714382.90094,Wagram,"3"
345606.723026117,"511","2","7672","28398",,2739435952.33466,Warsaw,"54"
308489.981388208,"512","1","1934","28399",,2338498223.40869,White Oak,"8"
302995.405207511,"513","0","24213","28401",,925590291.269562,Wilmington,"9"
135103.298695973,"514","0","41945","28403",,403456249.54361,Wilmington,"16"
212896.044608315,"515","0","33719","28405",,694443662.189972,Wilmington,"10"
626246.018361276,"516","1","34974","28409",,678530052.059952,Wilmington,"15"
591854.549770877,"517","2","38820","28411",,1477023573.08954,Wilmington,"12"
245813.217862995,"518","0","42977","28412",,635947452.301941,Wilmington,"23"
622951.504256468,"519","0","5116","28420",,4030119174.4476,Ash,"6"
246250.995159075,"520","0","2040","28421",,1701084244.28595,Atkinson,"0"
406510.949073508,"521","0","8682","28422",,2520456183.00197,Bolivia,"5"
560706.23791653,"522","0","2285","28423",,4327886518.67657,Bolton,"8"
522799.098840262,"523","1","12625","28425",,4872852970.19843,Burgaw,"19"
131890.839899376,"524","0","7142","28428",,153392950.326767,Carolina Beach,"5"
244578.64538817,"525","0","8542","28429",,1146009267.92944,Castle Hayne,"1"
235369.368885516,"526","0","2055","28430",,1294763521.80133,Cerro Gordo,"7"
414968.282140325,"527","4","6741","28431",,2019287633.59152,Chadbourn,"33"
381140.327621418,"528","0","1684","28432",,913029717.719559,Clarendon,"1"
497145.128049416,"529","0","5297","28433",,3257754219.81824,Clarkton,"1"
262045.947095385,"530","0","1357","28434",,2209417286.23001,Council,"3"
418800.327512466,"531","0","2931","28435",,2746865502.37314,Currie,"0"
304067.898737588,"532","0","2312","28436",,1250613651.60083,Delco,"0"
354385.951020838,"533","0","1688","28438",,1324758692.31961,Evergreen,"3"
213264.007900786,"534","1","1536","28439",,667490225.496307,Fair Bluff,"4"
555550.533903291,"535","0","3328","28441",,3774857745.4223,Garland,"4"
336354.405393145,"536","0","1734","28442",,1395074837.14975,Hallsboro,"1"
560208.032392264,"537","0","22483","28443",,4337834719.99771,Hampstead,"10"
548979.732892781,"538","0","2278","28444",,3251010335.70935,Harrells,"1"
676482.174744674,"539","0","8142","28445",,2835470197.40424,Holly Ridge,"8"
442226.920323366,"540","0","1334","28447",,2755654733.91089,Ivanhoe,"0"
400674.523076971,"541","0","1216","28448",,2360585218.26868,Kelly,"0"
80695.004584803,"542","0","1958","28449",,112229003.875305,Kure Beach,"0"
277199.450521116,"543","3","2397","28450",,1482484363.39343,Lake Waccamaw,"23"
771852.448618022,"544","0","39194","28451",,5322314275.71591,Leland,"10"
76626.8782038921,"545","0","513","28452",,201031402.998276,Longwood,"0"
428957.863476439,"546","1","4137","28453",,2286467269.94287,Magnolia,"26"
319144.850869927,"547","0","3549","28454",,3064407818.25446,Maple Hill,"0"
339624.478895421,"548","1","1718","28455",,1802269564.75485,Nakina,"3"
368901.62202232,"549","0","3566","28456",,1872158645.14374,Riegelwood,"3"
551931.996451502,"550","0","12840","28457",,3397895880.78387,Rocky Point,"2"
549753.327973728,"551","0","7018","28458",,3025757032.09851,Rose Hill,"17"
505270.66774661,"552","1","10588","28460",,868820245.916626,Sneads Ferry,"5"
699193.3729383,"553","1","20575","28461",,2976816159.44659,Southport,"8"
578042.071238933,"554","0","14309","28462",,3173815797.17624,Supply,"4"
489113.866817469,"555","2","9865","28463",,3441446535.6745,Tabor City,"57"
216752.818849917,"556","0","2491","28464",,651873569.02948,Teachey,"3"
260764.452809295,"557","0","8285","28465",,278142792.540329,Oak Island,"5"
646652.750223625,"558","0","10375","28466",,4134830722.40503,Wallace,"12"
182374.085490172,"559","1","11393","28467",,478052225.035095,Calabash,"4"
281339.504069841,"560","0","5394","28468",,561581539.026329,Sunset Beach,"0"
397460.188245043,"561","0","7481","28469",,718539224.77166,Ocean Isle Beach,"3"
362760.617388834,"562","0","13446","28470",,1182514664.27979,Shallotte,"3"
836470.753006453,"563","2","20002","28472",,5336860792.21823,Whiteville,"57"
420805.470689162,"564","0","4976","28478",,3641064446.79327,Willard,"4"
493774.783138492,"565","0","4874","28479",,2117768058.25922,Winnabow,"0"
198146.556810674,"566","0","2737","28480",,105606171.513519,Wrightsville Beach,"4"
625626.15035165,"567","1","19507","28501",,2991635337.302,Kinston,"34"
527051.926248194,"568","3","21016","28504",,3402165916.96191,Kinston,"62"
216402.11543394,"569","0","2984","28508",,979966062.858154,Albertson,"25"
160146.449017413,"570","0","1543","28510",,492605022.366577,Arapahoe,"1"
632922.312503469,"571","0","628","28511",,664520864.566406,Atlantic,"1"
282548.210087653,"572","0","3689","28512",,159414908.561523,Atlantic Beach,"1"
477095.460669018,"573","0","10825","28513",,2611479123.85803,Ayden,"8"
437586.784820445,"574","0","3463","28515",,1758589825.68518,Bayboro,"0"
1001596.71803034,"575","2","12482","28516",,3384236686.76337,Beaufort,"7"
473932.945095064,"576","0","8803","28518",,2702594658.36359,Beulaville,"13"
11964.2990373982,"577",,"328","28519",Population <500 and Cases <5,3782179.40026855,Bridgeton,
427477.052966737,"578",,"352","28520",Population <500 and Cases <5,633116579.775757,Cedar Island,
232445.955683396,"579","0","2259","28521",,984336924.154663,Chinquapin,"4"
297516.586083844,"580","0","2274","28523",,2247611957.06177,Cove City,"3"
860357.358716607,"581",,"443","28524",Population <500 and Cases <5,547256692.822876,Davis,
260376.078920819,"582","0","3309","28525",,1368793733.10339,Deep Run,"3"
437910.466683838,"583","0","2384","28526",,2062614072.29626,Dover,"2"
209684.397786102,"584","0","905","28527",,1145978492.04919,Ernul,"0"
79933.9347539672,"585","0","640","28528",,74196560.923584,Gloucester,"0"
412017.089612736,"586","0","2539","28529",,2523317524.60889,Grantsboro,"4"
426610.065184873,"587","0","7474","28530",,1906098626.48975,Grifton,"11"
159397.370996394,"588","0","1414","28531",,96666650.4205933,Harkers Island,"0"
874966.498361213,"589","1","25868","28532",,5072028576.29651,Havelock,"2"
192645.367219711,"590",,"0","28533",Population <500 and Cases <5,253735788.170532,Cherry Point,
352204.851723086,"591",,"186","28537",Population <500 and Cases <5,891999129.25647,Hobucken,
167225.326393657,"592","0","3342","28538",,837514346.679443,Hookerton,"5"
965472.416809673,"593","0","18000","28539",,2158531628.89203,Hubert,"1"
547729.060516664,"594","0","52400","28540",,3283488394.35052,Jacksonville,"16"
554417.951637184,"595","0","6146","28542",,1137151211.30426,Camp Lejeune,"3"
81799.9494086723,"596","1","6618","28543",,101812905.851257,Tarawa Terrace,"1"
92182.0384683423,"597","0","5607","28544",,155759986.503357,Midway Park,"0"
101700.276162633,"598","0","4010","28545",,145247654.855835,Mccutcheon Field,"0"
429757.095409677,"599","0","51963","28546",,2766403023.01086,Jacksonville,"10"
125030.1108688,"600","0","13868","28547",,321351155.112183,Camp Lejeune,"5"
402405.541085344,"601","0","14265","28551",,3578620059.57935,La Grange,"22"
104037.967496467,"602",,"131","28552",Population <500 and Cases <5,211084218.553589,Lowland,
64625.7950525977,"603","0","522","28553",,44093630.395752,Marshallberg,"1"
600372.548840717,"604","0","4702","28555",,3623337430.05573,Maysville,"3"
394317.853497314,"605","0","1150","28556",,1139666751.30212,Merritt,"0"
291647.007459014,"606","0","15254","28557",,400526127.961975,Morehead City,"1"
1030041.14449326,"607","1","28926","28560",,3309199654.78784,New Bern,"14"
2618.49962886206,"608",,"0","28561",Population <500 and Cases <5,195198.709350586,New Bern,
1071472.47820273,"609","2","38009","28562",,3853792240.20764,New Bern,"26"
612371.091717979,"610","1","22687","28570",,4050945831.7467,Newport,"13"
353024.477698561,"611","0","3137","28571",,1482289449.53186,Oriental,"3"
395176.694907308,"612","0","6379","28572",,3042675125.74115,Pink Hill,"6"
360117.836318431,"613","1","2475","28573",,3035889883.2348,Pollocksville,"2"
523654.71280993,"614","0","17702","28574",,3868294357.7301,Richlands,"3"
82049.6590834025,"615","0","595","28577",,131607264.267456,Sealevel,"0"
304549.15096381,"616","1","7044","28578",,1837860745.29797,Seven Springs,"17"
233023.142000653,"617","0","798","28579",,633080494.557556,Smyrna,"0"
373362.024423986,"618","1","12031","28580",,3261656823.56982,Snow Hill,"15"
703346.462367875,"619",,"224","28581",Population <500 and Cases <5,2404669972.88318,Stacy,
233745.537488706,"620","0","1824","28582",,566119411.242798,Stella,"1"
3607.20989795631,"621",,"0","28583",Population <500 and Cases <5,596710.740722656,Stonewall,
630505.524420815,"622","0","12910","28584",,870417864.570801,Swansboro,"4"
616313.550954669,"623","1","4170","28585",,5857263271.9624,Trenton,"14"
393188.365406213,"624","0","8427","28586",,3798727344.79224,Vanceboro,"6"
182903.197478108,"625",,"324","28587",Population <500 and Cases <5,250612018.426636,Vandemere,
260797.112041444,"626","1","26551","28590",,1153236268.85608,Winterville,"27"
206007.39513627,"627","0","3678","28594",,161880563.377441,Emerald Isle,"1"
365850.750506082,"628","0","49848","28601",,1378207425.05768,Hickory,"28"
319569.803956005,"629","0","31218","28602",,1938678919.97003,Hickory,"9"
325836.980718489,"630","0","6449","28604",,1915326545.24634,Banner Elk,"0"
248689.345104092,"631","0","4143","28605",,895784503.144714,Blowing Rock,"2"
214129.251492026,"632","0","2367","28606",,1247639586.18042,Boomer,"8"
555835.873680891,"633","0","37481","28607",,2776057252.95807,Boone,"6"
281255.134101197,"634","0","6457","28609",,1341728385.28827,Catawba,"4"
308096.881521473,"635","0","10238","28610",,1121879522.66571,Claremont,"1"
419111.187381629,"636","0","978","28611",,2483135872.03735,Collettsville,"0"
441028.943696581,"637","0","14906","28612",,2400642845.42798,Connelly Springs,"2"
362168.639637895,"638","0","25216","28613",,1220326345.78546,Conover,"16"
272770.247470023,"639","0","1883","28615",,1868599532.61511,Creston,"1"
263906.737953269,"640","0","2451","28617",,986888820.641235,Crumpler,"1"
224128.286954044,"641","0","2480","28618",,1010729766.2395,Deep Gap,"0"
492431.108964796,"642","0","10400","28621",,1827310682.30029,Elkin,"2"
228052.883765708,"643","0","2638","28622",,922706854.79248,Elk Park,"0"
176648.995975267,"644","0","1716","28623",,790959225.749146,Ennice,"1"
280305.359064925,"645","0","1893","28624",,1893859856.27216,Ferguson,"2"
627405.10903711,"646","0","38862","28625",,5528677082.18164,Statesville,"25"
148645.734339712,"647","0","3001","28626",,819063990.876587,Fleetwood,"1"
229623.659776181,"648","0","1534","28627",,929851696.585571,Glade Valley,"0"
19773.9407564207,"649",,"63","28629",Population <500 and Cases <5,18113919.8492432,Glendale Springs,
364175.180926025,"650","0","20369","28630",,1749206123.14734,Granite Falls,"10"
167245.211138671,"651","0","536","28631",,666742006.060913,Grassy Creek,"0"
380041.00063272,"652","0","5269","28634",,1708637469.52393,Harmony,"5"
282956.554467362,"653","0","4032","28635",,1589254753.84888,Hays,"4"
343683.132287545,"654","0","5186","28636",,1563401720.00476,Hiddenite,"0"
39679.7431148788,"655","0","1583","28637",,75804105.8025513,Hildebran,"3"
179942.259882133,"656","0","12560","28638",,586195125.955933,Hudson,"11"
302637.68949569,"657","0","4805","28640",,1056537388.6748,Jefferson,"3"
173376.666314256,"658","0","5578","28642",,922184812.2677,Jonesville,"5"
275858.107391137,"659","0","3443","28643",,2044042930.41492,Lansing,"1"
297831.475142139,"660","0","1570","28644",,2045165288.09131,Laurel Springs,"0"
930216.037146459,"661","0","47621","28645",,9179149391.98291,Lenoir,"35"
156576.175660301,"662",,"463","28646",Population <500 and Cases <5,440709602.757813,Linville,
190682.670149615,"663","0","1034","28649",,1036137984.80469,Mc Grady,"1"
377336.649296681,"664","0","13374","28650",,1278104496.07623,Maiden,"2"
349078.290644553,"665","0","6653","28651",,2065649255.9353,Millers Creek,"19"
295573.209104024,"666","0","3800","28654",,1821577421.53857,Moravian Falls,"8"
677983.745386268,"667","11","58249","28655",,9153179930.14331,Morganton,"113"
457051.359413869,"668","0","9610","28657",,3935578521.47217,Newland,"0"
451555.722478837,"669","0","25858","28658",,2022657893.02307,Newton,"14"
743040.466864705,"670","1","21013","28659",,2817470108.66394,North Wilkesboro,"88"
224297.744075571,"671","0","2336","28660",,892135691.594116,Olin,"4"
137228.322788793,"672","0","715","28663",,577849850.650269,Piney Creek,"0"
240271.301413849,"673","0","2986","28665",,1778038258.60608,Purlear,"3"
6065.66147149414,"674",,"105","28667",Population <500 and Cases <5,1309548.80932617,Rhodhiss,
97868.871629568,"675",,"39","28668",Population <500 and Cases <5,150579895.761963,Roaring Gap,
252536.432806368,"676","0","3133","28669",,1299426384.18799,Roaring River,"8"
257469.478215133,"677","0","3183","28670",,1123975912.01135,Ronda,"3"
47932.7256464108,"678",,"35","28672",Population <500 and Cases <5,62555584.7313232,Scottville,
248402.605359209,"679","0","6621","28673",,852092289.759583,Sherrills Ford,"3"
397880.21838125,"680","0","6805","28675",,2977111225.9541,Sparta,"5"
197653.666386266,"681","0","3444","28676",,830902972.436646,State Road,"0"
364916.143502525,"682","2","35614","28677",,2372250827.99042,Statesville,"32"
237772.476162198,"683","0","5252","28678",,1249807753.12482,Stony Point,"1"
227619.317646308,"684","0","2122","28679",,636943392.934937,Sugar Grove,"0"
412700.759417833,"685","0","26959","28681",,4726487412.65814,Taylorsville,"9"
108427.066369374,"686","0","1099","28682",,164657442.78833,Terrell,"1"
203358.60410099,"687","0","1934","28683",,988749233.112671,Thurmond,"1"
292392.138653963,"688","0","2175","28684",,1383524229.94177,Todd,"0"
215086.939280452,"689","0","1908","28685",,1296786088.98804,Traphill,"4"
304792.24772459,"690","0","1662","28689",,1218398001.86389,Union Grove,"3"
213466.610171622,"691","0","9427","28690",,668624773.04187,Valdese,"4"
286379.955820553,"692","0","4504","28692",,1091553223.68976,Vilas,"1"
170328.387778475,"693","0","1693","28693",,621923811.260986,Warrensville,"0"
416426.801998168,"694","0","8033","28694",,2188720146.69934,West Jefferson,"1"
565265.362104433,"695","0","13376","28697",,1810927272.521,Wilkesboro,"51"
227334.653867247,"696","0","1844","28698",,762471326.925049,Zionville,"0"
178622.867954755,"697","0","4830","28701",,557040025.003723,Alexander,"1"
168899.042279792,"698","0","704","28702",,749571990.457794,Almond,"1"
329012.999643476,"699","0","21728","28704",,1481682958.97644,Arden,"10"
376028.663142583,"700","0","7168","28705",,3538838336.04175,Bakersville,"2"
241272.033803256,"701","0","1340","28708",,795626278.709686,Balsam Grove,"0"
231197.383485249,"702","0","2308","28709",,1635213770.4093,Barnardsville,"0"
432841.10713665,"703","0","15250","28711",,2289646423.50623,Black Mountain,"2"
607196.289251341,"704","0","19644","28712",,3743370041.24365,Brevard,"4"
658029.652447302,"705","0","9333","28713",,7085157294.99072,Bryson City,"0"
538818.932986383,"706","0","17066","28714",,7287599937.88281,Burnsville,"5"
274379.594297132,"707","1","27289","28715",,1975153881.5733,Candler,"10"
450946.985814241,"708","0","18650","28716",,4450693739.33826,Canton,"7"
300525.403558474,"709","0","1471","28717",,1160000231.10587,Cashiers,"0"
157079.894608512,"710","0","607","28718",,604740430.192017,Cedar Mountain,"1"
506970.161305605,"711","0","6945","28719",,6313532001.74988,Cherokee,"5"
47768.4833790312,"712",,"35","28720",Population <500 and Cases <5,47877696.5422974,Chimney Rock,
451646.750156333,"713","0","10866","28721",,3262240884.20239,Clyde,"1"
371441.890606651,"714","0","6854","28722",,1330435890.70984,Columbus,"8"
521400.904374383,"715","0","11678","28723",,2829089767.59064,Cullowhee,"4"
7541.63511359509,"716",,"36","28725",Population <500 and Cases <5,1395548.49920654,Dillsboro,
52681.8363735949,"717","0","3477","28726",,62782212.3257446,East Flat Rock,"7"
74718.0620947517,"718","0","2978","28729",,115914409.369507,Etowah,"2"
277836.650121475,"719","0","10068","28730",,1334723772.69336,Fairview,"2"
308715.430561089,"720","0","9271","28731",,910498937.374664,Flat Rock,"6"
268599.174805656,"721","0","18899","28732",,1163648233.76184,Fletcher,"2"
200917.740964481,"722",,"200","28733",Population <500 and Cases <5,498075903.916718,Fontana Dam,
680710.034553254,"723","1","28423","28734",,8413329787.90622,Franklin,"2"
92735.3834552802,"724",,"294","28735",Population <500 and Cases <5,137680777.623108,Gerton,
243241.394198335,"725","0","740","28736",,845894035.551971,Glenville,"0"
354883.696935043,"726","0","21994","28739",,1809199500.98254,Hendersonville,"12"
391601.88482291,"727","0","2123","28740",,2560353451.70599,Green Mountain,"2"
291652.561708351,"728","0","3135","28741",,2488322100.83908,Highlands,"0"
323788.261855291,"729","0","2834","28742",,759756422.807678,Horse Shoe,"0"
351331.648547095,"730","0","2422","28743",,2855463957.34918,Hot Springs,"0"
20619.3143809221,"731","0","598","28745",,24208240.7459412,Lake Junaluska,"0"
301403.103342596,"732","0","2583","28746",,1635267198.94843,Lake Lure,"1"
278687.825520297,"733","0","2517","28747",,1644170650.80768,Lake Toxaway,"0"
433742.542694054,"734","1","12684","28748",,2568900770.12885,Leicester,"4"
8852.52475284555,"735",,"0","28749",Population <500 and Cases <5,1713987.45050049,Little Switzerland,
252655.252396679,"736","0","3738","28751",,1196971956.93442,Maggie Valley,"1"
729852.019397462,"737","1","31501","28752",,6843838240.70496,Marion,"18"
582321.875436497,"738","0","12286","28753",,7221367422.4903,Marshall,"1"
336365.654274912,"739","0","8823","28754",,2532637146.55933,Mars Hill,"0"
359387.276461913,"740","0","4770","28756",,2319967191.40479,Mill Spring,"2"
2617.87913210505,"741",,"0","28757",Population <500 and Cases <5,129672.114624023,Montreat,
219074.688607406,"742","1","7867","28759",,710290580.507599,Mills River,"3"
448908.605974668,"743","0","8493","28761",,3254647047.74689,Nebo,"9"
387268.208256282,"744","0","7603","28762",,2996741187.4848,Old Fort,"2"
202810.842815888,"745","0","2864","28763",,1145043002.66425,Otto,"1"
88900.5625977205,"746","0","1526","28766",,159626292.482056,Penrose,"1"
321689.536597621,"747","0","7895","28768",,2244655883.74216,Pisgah Forest,"1"
732920.80756429,"748","0","8212","28771",,9086438704.3884,Robbinsville,"0"
256613.212684218,"749","0","1942","28772",,577124059.134399,Rosman,"0"
267712.497423626,"750","0","3508","28773",,1396855034.24573,Saluda,"16"
224488.61951138,"751","0","1569","28774",,1130246511.80005,Sapphire,"0"
130336.94180952,"752",,"493","28775",Population <500 and Cases <5,456631744.06662,Scaly Mountain,
332780.684408785,"753","0","10391","28777",,1968811938.32007,Spruce Pine,"3"
188030.795128165,"754","0","10803","28778",,692162823.950317,Swannanoa,"2"
472387.421611018,"755","1","17610","28779",,3287520334.70795,Sylva,"14"
297913.620657844,"756","0","957","28781",,2402982140.90009,Topton,"0"
390005.579825198,"757","0","6512","28782",,1239852111.02036,Tryon,"7"
412465.098737654,"758","0","1905","28783",,2507065764.50815,Tuckasegee,"1"
434987.630089387,"759","0","8309","28785",,4680111391.07288,Waynesville,"1"
319219.020654079,"760","0","21837","28786",,2130537927.5513,Waynesville,"6"
337936.038355962,"761","0","20681","28787",,2146776657.76654,Weaverville,"3"
281392.474737519,"762","0","6551","28789",,1731085189.80936,Whittier,"2"
272368.233599775,"763","0","3775","28790",,1184634316.47168,Zirconia,"2"
123544.27336528,"764","6","15811","28791",,466838231.125,Hendersonville,"53"
483608.715059927,"765","20","37949","28792",,2892120004.20319,Hendersonville,"124"
66531.4000304092,"766","0","16782","28801",,142991050.123962,Asheville,"4"
221583.067984848,"767","1","34731","28803",,1148499781.62708,Asheville,"22"
216401.982596761,"768","0","23302","28804",,818376430.368896,Asheville,"6"
203043.782551957,"769","0","20394","28805",,743578799.615234,Asheville,"8"
297671.815966071,"770","1","43841","28806",,1123591112.45288,Asheville,"16"
271571.032581688,"771","0","6039","28901",,1881090750.42804,Andrews,"1"
162521.113458697,"772","0","1562","28902",,645585335.657318,Brasstown,"3"
403950.005454208,"773","0","9535","28904",,5317145252.91805,Hayesville,"3"
269002.244098821,"774","0","3548","28905",,1058320723.96715,Marble,"4"
586826.324547445,"775","1","20296","28906",,9849733400.34212,Murphy,"12"
107722.293423693,"776","0","1068","28909",,269492752.319427,Warne,"0"
3958.82496624679,"777",,"0","27969",Population <500 and Cases <5,724387.010986328,Roduco,
3050.2273713774,"778",,"0","28253",Population <500 and Cases <5,133339.295837402,Charlotte,
3583.90419251761,"779",,"0","28608",Population <500 and Cases <5,274774.708862305,Boone,
